{
  "version": "1.0",
  "defaultProvider": "cdnjs",
  "libraries": [
    {
      "library": "jquery@3.4.1",
      "destination": "wwwroot/lib/jquery",
      "files": [
        "jquery.min.js"
      ]
    },
    {
      "library": "bootstrap@4.4.1",
      "provider": "jsdelivr",
      "destination": "wwwroot/lib/bootstrap",
      "files": [
        "dist/js/bootstrap.bundle.min.js"
      ]
    },
    {
      "library": "@fortawesome/fontawesome-free@5.13.0",
      "provider": "jsdelivr",
      "destination": "wwwroot/lib/font-awesome",
      "files": [
        "css/all.min.css",
        "webfonts/fa-brands-400.eot",
        "webfonts/fa-brands-400.svg",
        "webfonts/fa-brands-400.ttf",
        "webfonts/fa-brands-400.woff",
        "webfonts/fa-brands-400.woff2",
        "webfonts/fa-regular-400.eot",
        "webfonts/fa-regular-400.svg",
        "webfonts/fa-regular-400.ttf",
        "webfonts/fa-regular-400.woff",
        "webfonts/fa-regular-400.woff2",
        "webfonts/fa-solid-900.eot",
        "webfonts/fa-solid-900.svg",
        "webfonts/fa-solid-900.ttf",
        "webfonts/fa-solid-900.woff",
        "webfonts/fa-solid-900.woff2"
      ]
    },
    {
      "library": "admin-lte@3.0.5",
      "provider": "jsdelivr",
      "destination": "wwwroot/lib/admin-lte",
      "files": [
        "dist/js/adminlte.min.js",
        "dist/css/adminlte.min.css",
        "dist/img/AdminLTELogo.png",
        "dist/img/user2-160x160.jpg",
        "dist/img/user1-128x128.jpg",
        "dist/img/user8-128x128.jpg",
        "dist/img/user3-128x128.jpg"
      ]
    }
  ]
}